{"Player1_Avg_Accuracy": 23.202376237623763, "Player2_Avg_Accuracy": 23.202376237623763}