{"Player1_Avg_Accuracy": 17.484554455445544, "Player2_Avg_Accuracy": 17.484554455445544}